,Unnamed: 0,title,score,body,comments
0,0,"Looking for friendly, more chill chats? Check out our sister sub - it's like this sub but more casual... r/CasualConversation",17,nan,wish n t overcrowd feed
1,1,Megathread: Tell us what's on your mind.,5,weekly megathread talking personal matters get something chest offer supportive words tell us s mind starter questions what s bothering what would help feel better if someone came issue would walk check established communities r dbtselfhelp r cbtpractice r selfhelp r helpmecope r traumatoolbox r arttocope r polarbeartunes r vent r offmychest https www reddit com r casualconversation wiki directory megathread megathreads used help keep sub flooding whenever influx topic submissions solely centered talking personal matters redirected read work posted r casualconversation wiki megathreads feedback message mods https www reddit com message compose to head metareddit r ideasforcc made re tough time please check support resources r seriousconversation wiki resources need help call talk or text start to for the crisis text line http www crisistextline org international lines found http www befrienders org and http www iasp info resources,wish n t overcrowd feed
2,2,How can I tell my mom I want to visit a psychologist as indirectly as possible?,31,last month feel absolutely terrible sleep night get bombarded thoughts used speak somewhat fast speak like rap battle eminem get really vivid dreams dad passed away years ago make feel terrible would love visit psychologist might help s weird talk mom male idk whether s important,tough thing ask matter age good want something still school chance talking school counselor could helpful way go help speak mom provide recommendations see school might even therapist staff could talk school work three
3,3,I feel like I'm losing my ability to express myself,85,bilingual speak turkish english also french level anyways since went netherlands master s degree consequently started talk english frequently feel like lost ability speak properly languages ve back turkey year talk people stutter use wrong words try speak quickly one understands feels like tongue ca n t keep mind sometimes get excited nervous screw goes languages ve unemployed year boyfriend years broke months ago ve also suffering generalized anxiety disorder years brain n t work properly m depressed something m even sure question answer,speak languages vouch fact language lost time n t practice communicate english time n t use languages find harder use n t worry still buried head need bit recall reinforcement able get back almost former ability
4,4,I can't stress this enough.,22,exercising helps physically also mentally suffer major depression last week thought end pushed get back gym science right releases endorphin make us feel better although sore feel much better mentally encourage anyone mental pain push try something new challenge everyday make plans look forward create positive memories etc s easy desperate feel last week,energy full exercise go walk half hour literally walking enough get endorphins going help rinse shit
5,5,I don't like music anymore and it's making me terribly depressed,8,used love music kid would always wear headphones going would listen music way school could n t wait get go home listen music awkward girl friends shy socialize basically loved childhood teenage years music way expressing emotion could n t vent abusive parents n t single friend earth let alone partner music loved music anything ever growing toxic environment abusive family mentally ill made look escape escape music past years love music gradually disappearing idea s causing might fact m teenager anymore struggles everyday life taking toll personality life consists basically working eating sleeping work hours day days inbetween work one day stay home days work another day days still lots spare time s n t really know spend anymore nothing really makes feel good anymore still somewhat force engage activities even give little emotional reward lack passion music worst s almost m repulsed makes feel nothing try avoid listening even interacting songs bands used love lot lack passion things used love dearly makes extremely depressed try find much new stuff tried looking new bands genres listen things n t tried n t work matter much switch genres bands songs nothing sparks interest day goes n t mourn loss day goes n t think loving music anymore life feels empty pointless without music n t know forcing enjoy makes feel bitter resentful n t work nbsp wish could enjoy music music anything old stuff used enjoy maybe something new exciting nothing makes feel anything anymore music dead interest finding new music s nothing said fake till make n t work know others serious issues m sorry sound dumb ignorant intention music something big life losing passion means losing everything cling something lose something makes feel defeated leaves nothing wish something could n t anything anyone ever anything like ever get better,relate music also expressed anxious person without real talents think music saved life similar thing happened last year lost passion result big life crisis losing partner realized love music diminished lot tried listen thought d like made feel depressed one n t like much used overconsuming music years two music usually depressing depression worsened took break music dig deep started reading instead watching serious films documentaries vipassana meditation s recommended avoid music form entertainment retreats leading meditation experience rewarding stopped wishing things different got know s like embrace present moment gradually let go wants expectations think lot pain might experiencing exists resistance melancholia accept re feeling might find s disturbing s disturbing likely emptiness reveals life boils repetitive unfulfilling things day day s normal would sap joy living experiencing art kind anhedonia rarely permanent condition people rarely accept keep living way makes feel way things always changing whether change positively negatively rarely ever much control giving need control letting things pass without much resistance become better believe months listening music enjoy fact strong feelings listening king crimson last month ve picked guitar
6,6,My grandfather is racist and I have a mixed child,133,daughter half puerto rican grandpa growls refuses let call grandpa glares scare makes sad got call grandpa joke kid daughter never get experience race grandma loves gets mad acts like toward first thing seen first hand racism begins daughter white,let around circumstances sounds like disgusting person child deserves growled person gon na hurt around daughter
7,7,Would you call this morally wrong or a public convenience?,2,use basis explain back day places places people came eat separated smokers non smokers law became strict banned smoking public starting little noticed dad huge people person talked really care idea came based something saw certain places introvert section extrovert section introverts breathe people words extroverts could feel confident around bothered fumes small talk dad run ideas said immoral people separated interact differently,n t sort within restaurants sorts different restaurants want quiet pizza go one place want surrounded screaming kids go another raucous bars quiet bars etc
8,8,I have a dentist appointment tomorrow after 7 years and I am very nervous. Please tell me about a time where you was scared of the dentist but it turned out better than expected.,10,anxiety disorder gad specific worry things moment wake fall asleep past months ve worried health anything else ve gotten point im afraid make appointments doctors dentists etc m afraid receiving bad news know may sound ridiculous n t know terrifying feels mind anyway m trying worry much appointment tomorrow really consultation meet new dentist hygienist im hoping walk explain expect future appointments wanted consultation beforehand try lessen worries feel optimistic actual exam like said years since ve dentist m afraid take care teeth know need work d like hear experience feared dental appointment turned ok d nice hear fellow hypochondriac similar experience ll take reassurance get point,position years ago extent uncontrollably sobbing way appointment well dentist hygienist totally understanding fears though dentist offered explain everything beforehand would know expect think deal nervous patients often re used anyway best luck know s absolutely terrifying get
9,9,I don’t understand this trend of people forcing their personal health views onto other people.,0,quick examples guy energy drinks thrown away by roommate so make healthier choices tv show shark tank one guy invest product cookie dough because unhealthy word obese almost considered judgement rather description people diet exercise choices enormous concern people caring person understandable advice fine trend right america unusually harsh toward unhealthy choices understand vehemence country dedicated freedom,n t know enough things alignment call trend converse point ongoing body positivity movement attempting normalize obesity sorts unhealthy behavior endorsed normal
10,10,How Do I Carry On After Multiple Sexual Assaults and PTSD?,1,m looking coping mechanism something help get m already sertraline ve therapy ptsd counsellor appointment thursday introduction kissing boys used bully ended one getting penis ran away think around second experience group guy frjends best mates constantly matter passed around touched etc age must admit n t class sexual assaults whatsoever fully consented immature naive first sexual experience took advantage lived country clubbing underage pretty commonplace year olds would go group friends eventually lost two lovely lads carried home insanely drunk dropped group friends night one boys group snook bed drunk n t know happening ended giving oral sex passing later week found filmed without consent shared among mutual friends two pivotal sexual assaults attribute ptsd relationships unusually unhealthy lot time past time boys rarely reached girlfriend status n t last first one age visiting friend spain underage drinking n t particularly frowned upon hit bar guy started flirting tried get away bathroom followed forced give oral sex second met guy party looked alongside friends seemed really nice went visit hung friends seemed sweet unfortunately left phone back house get kept asking bus lied said came far later forced stay saw relationship totally platonic propositioned kept saying making excuses two hours constant begging sex said n t want force but point d missed bus family poor pay taxi soon said n t want force but knew n t want another statistic consented okay plot twist got ptsd regardless m years old ca n t move past distract flashbacks ground always comes ca n t healthy relationships end crying lot one feel like experiences lead broken shell woman ca n t even sex without feeling like damaged goods anyone offer help insight maybe ve something similar m looking forward counselling appointment ve great experiences countries national health service s chronically underfunded,n t know enough things alignment call trend converse point ongoing body positivity movement attempting normalize obesity sorts unhealthy behavior endorsed normal
11,11,My cat saved my life today,531,trigger warning suicide today tears closed bedroom door started tying hangman knot sudden cat stuck paw door grabbed rope pulled ran away know trying play made stop think everything changed mind know cliche rescue cat really rescue,hey m glad re still pets make biggest differences sometimes hold onto okay
12,12,Citalopram let the sun break through the clouds.,4,work related intrusive thoughts anxiety anxiety still kind find easy put aside feel zen s insane like feel used getting job relaxed able rationalize thoughts efficiently reckless driving happy see niece nephew wake etc actually able smile chat cafeteria lady without anxious mess starting show thought others perceived really head still going get see psychologist point want get root issue think might bpd going keep taking vyvanse citalopram continue practice mindfulness feeling quite happy,s great hear happy brother take care
13,13,I'm probably faking depression.,8,everything self inflicted seems like m desperate attempts looking depressed m m looking around see others struggle beat real issues whilst m making time seem damn entitled try look depressed ve hospital mental health issues always gets twisted parents concludes s autism infuriates damn much fucking hate autism much wish never maybe using incriminating language makes look like really making know i m also jealous know people diagnoses without much problem meanwhile cut attempt suicide multiple times s always autism man m piece shit wish dead trying would nothing call attention want real n t know anymore feel like ll dead become adult,autism hold back let whole life ahead family would heartbroken killed harmed please life gets better get older learn get older easier life get many beautiful moments life really want miss wether faking depression things seem tough get see happier times
14,14,My mom recently diagnosed with bipolar disorder and family is at each other’s throats. What do I do?,3,tldr asian household canada grandparents came canada help mom recover bpd want leave early differences dad mom still hospital mother recently hospitalized slowly surely recovering depressive episode bpd week two since admitted mental health ward month since grandparents came couple days ago grandparents told since feel like help much mom hospital grandfather heart condition fact home next three months could help take care thinking leaving go back china early although say leave get okay mom already packed bags mentioned leaving couple days keep mind seen daughter since got admitted mental health ward hospital last night dad came home grandfather got altercation grandfather claimed dad disrespectful taking care mom well enough sentiment voiced dad towards grandfather sort fixer upper family know know grandparents leaving early detrimental mom hospital also know asking stay given mental physical health seems deteriorating clearly seem prepared leave may continued conflict dad also anyone advice comes supporting family member bpd especially transitioning hospital care day to day life thank advice support would appreciated edit corrected mother grandfather,n t burden much re responsible everyone s happiness
15,15,I’m not a girl.,7,girly boy girly boy girl want girl bad call delilah instead someone thinks boy sure act like bratty girl still sound like girl tranny estrogen something brat repetition tone voice made sound like year old every time angry always go back thing always go back calling girl think anything new proud treated went record shop man counter asked looking thought mad anymore said daughter looking around froze said stuck sobbing yelling time hair jaw voice still pre pubescent one would believe tried fight back would laugh long wavy hair high voice dress particularly masculine since time school uniform sort afford buy new uniforms shorts knees shirt loose bmi legs arms effeminate fucking sucked since god awfully hot usually showing thing would show girl face name people either confused gender knew male met people would refer told name dallas since kept calling believed even grandma knows born male calls female mom told got mad started telling mom trans girl satisfied screaming car email saying sissy boy start calling brat plenty things text messages blocked number got guilt tripped mom unblock used make feel even guilty whenever get mad take anger matter got angry scream make apologize scream anything everything order make scared act like one whose hurt make feel bad say apologize never visit childish say least every fucking day send fucking stupid point apologize get shut scream wrong,n t deserve bullshit m sorry deal strong human sending love positive vibes
16,16,Trying to be social is making me feel horrendous. I don't think it's worth it..,4,trying social meet new people stresses much m sure ll ever able get new friends avoidant personality disorder pretty much friendless since became teenager m day felt ready put challenge download friend app try get contact new people found couple people added group chat also started writing one person outside chat people seem really nice friendly thing still feel horribly stressed chatting feel really uncomfortable like ve lost sense safety life feel uneasy scared day long wake remember people wants speak feel physically unwell s like responsibility even agreed meet one heat moment felt slightly confident feel tormented overwhelmed n t want let person canceling last moment really thought wanted friends could handle friendly relationship agony mentally physically m casual text chat people today felt really almost slightly depressed feel really bad suddenly everything looks dark might sound like m overreacting m really n t want commit relationship m terrified ll put many even worse situations one dive deep make think capable suddenly n t want talk meet anymore gone far feel like might ever ready normal friendship ve grown way accustomed small safe bubble feels like n t even actually want relationship anyone,hi think natural uncomfortable maybe scared talk people met made friends weeks months comfortable others presence takes time lot trust building friends go weeks months talking come back talk nothing happened obliged fully commit talk every week know always s backs things go wrong sometimes care people making friendship work maybe stop idealising friendship n t think relationships meant perfect might need slow n t want fully commit genuine people always care matter learn adjust adjust well hate scheduling meet ups well even friends feel happy suddenly feel like effort going meeting place worth actually great tried reach made friends n t feel
17,17,"Vent, maybe other stuff",2,first post lately depression flaring bad ways mostly due recent break m going m still trying friends ex feel useless pathetic weak feel like m newborn deer trying walk yet feel like m expected run m scared dark thoughts going become powerful something s going happen n t really like many reasons thought maybe would help,hi think natural uncomfortable maybe scared talk people met made friends weeks months comfortable others presence takes time lot trust building friends go weeks months talking come back talk nothing happened obliged fully commit talk every week know always s backs things go wrong sometimes care people making friendship work maybe stop idealising friendship n t think relationships meant perfect might need slow n t want fully commit genuine people always care matter learn adjust adjust well hate scheduling meet ups well even friends feel happy suddenly feel like effort going meeting place worth actually great tried reach made friends n t feel
18,18,What should I do?,6,done always one reach people tired always wanting never wanted decided going text call anyone unless first absolute emergency problem know one try contact want alone already want wanted,hi think natural uncomfortable maybe scared talk people met made friends weeks months comfortable others presence takes time lot trust building friends go weeks months talking come back talk nothing happened obliged fully commit talk every week know always s backs things go wrong sometimes care people making friendship work maybe stop idealising friendship n t think relationships meant perfect might need slow n t want fully commit genuine people always care matter learn adjust adjust well hate scheduling meet ups well even friends feel happy suddenly feel like effort going meeting place worth actually great tried reach made friends n t feel
19,19,Does depression affect your intelligence and memory? If so what can be done to help get you back to the way you were before?,103,depression anxiety since feel like recall lot anymore get confused easily trouble understanding things affecting lot making anxious anyone else problems like overcome,experienced psychotherapy helps best find registered psychometrician social worker area may also talk psychiatrist
20,20,PSA about anyone in this sub claiming to be a Therapist,133,professional licensed unlicensed take claims grain salt r therapy verify anyone sub claims therapist anyone claims therapist abuses posters therapist questions please let us know,surprised someone would even unethical
21,21,Jealous of those with family support,34,anyone else feel way comes bitterness towards friends bitterness wondering anyone else issue discuss,right always jealous unstable family growing still get support lol mom sick cancer honestly even worse always jealous friends stable supportive parents
22,22,I don’t think I can ever go for therapy,2,past couple months friend online encouraged try therapy many problems need face first first important note grown specific notion mental health condition like like family conformed stereotypical idea instance need shave head order categorized mentally unstable need severe panic attacks genuine anxiety recognition issues conflicted ideas began think problems big enough addressed needed show physical evidence emotional suffering order get attention deserved probably make sick point really suffering low self esteem anxiety loneliness think problems big enough addressed started lying suffering much actually gain sympathy attention people although recognize tendency exaggerate suffering something happens naturally point know get cycle self pitying really want see therapist feel like problems need addressed like parents also hold similar beliefs mental health issues look like know tell shave head offense show suffering least want issues go far addressed certain going understand talk money line feel helpless right edit grammar,even nothing wrong doubt keep suffering state even know great life could never adress issues parent also never thought mental health something take serious went therapist without knowing turns need family find eventually
23,23,Im lonely,3,hi reddit guess im alright im bit angry boss think s unreasonable s alright im going try best control anger front tomorrow asked day days advance told days advance fine first week said excuse didnt seem mandatory s literally one important things anyways im going nod say yes whatever lecture throws tomorrow love working costomers times coworkers like ll fine im mostly really lonely sad im trans guy born female male feel really place body world parents n t support sent conversion therapy two years ago yesterday moment intense flashbacks almost accidentally ended life trying stop memories flooding back two best friends relationships cant say im jealous one even good relationship parents want anything hugged someone loves accepts dont drink anymore get really angry violent want dont smoke actually grateful quit got want numb pain sometimes want feel good ll masturbate honestly ive put body therapist thought better im managing depression anxeity pretty well really though n t feel better want hug,removed
24,24,Anxiety: Am I Avoiding getting better or doing what I need to be doing?,1,couple months ago pretty bad anxiety episode full on panic attacks whole nine yards ve spending last month change trying get better right feel great unless start thinking feeling anxious starts spiral combat m trying get busy every time mind goes go outside yard work exercise usually stops m really feeling anxious much feel like m talking anxious s bad pattern concern actually remedying situation good way distraction avoiding anxiety ultimately d like develop patterns skills help cope things get bad lot coping mechanisms months ago n t work first time ever read seems mix opinions distraction avoidance tactic legitimate way set mind different direction,removed
25,25,Huh? Counselors telling friends kids they don't need a relationship with their other parent.,3,recently friends different families divulged going ups downs kids working teenage years years age talked immense amount stress children feel god remember miserable days n t anyhow kids therapy n t seem unusual place please keep mind one childhood friend college buddy conversations took place recently different times n t know one another families include children previous relationships obviously knew prior demise relationships everyone involved seemed like decent people one reason another things n t work hardworking middle class folks good jobs criminals abusive alcoholics prone illicit substances eerie blamed ex non custodial parent significant source stress children s lives quote mom would easier daughter father would move keep telling n t see talk therapist dad wish would let kids good thing counselor says of age n t continue relationship attitudes incredibly selfish toxic could n t believe made statements front kids seemed develop fairly agreeable relationships ex boy make grateful single dog dad idea say feel like informing parent people m disappointed counselors child divorce get laws true said therapists exact opposite told counseling therapist teenage years dad left rarely called wrote visited kids n t abandonment complaints honestly seemed begrudge inconveniences non custodial parent please explain hell going counseling world non custodial parent still legal guardian n t informed child ren is are therapy b requested involved therapy c counselors telling kids n t maintain relationship parent n t seem ethical tl dr therapists telling kids n t see non custodial parent without ever conversing parent seems shady,maybe things going n t know nobody knew ex psychopath dangerous violent reveled seeing people fear pain also charming everybody loved m saying s anything severe children normally pretty darn attached parents even fairly abusive ones s red flag kids n t want relationship parent especially therapist agrees relationship also nowadays custody normally shared unless something seriously wrong one parents s red flag well s normal arrangement two awesome co parenting parents children stressed seeing non custodial parent maybe reason therapist listening saying s okay distance parent maybe reason see n t always truth people n t often want share sordid details friends
26,26,Feeling down,1,m pre med student ton responsibilities goals lately stress getting couple weeks ago actually got sick stressed first really made feel worried health know stress something try keep healthy minimum bit difficult path chose life think made wrong decision life path know want pursue medicine however due recent occurrence getting sick stress feel like developed type trauma feel stress health grades long story short got sickness every feel like might getting sick even though advice help overcome thoughts,advice might roll eyes s something stuck past years record m stressed get sick either catching colds running fevers nausea first semester fact sick october til january would improve days incredibly sick stuck teacher showed us ted talk stress lady citing study conducted years basically followed lives group viewed stress good thing group viewed stress bad thing latter prone illnesses physical and or mental lived generally shorter lives anyways point frame stress ease pressure bit us course s great tons tons stress feel college medical school etc stress inevitable naturally s good hear recognize truly passionate medicine let sink reasoning stress good stress might propelling strive learn s motivating best understand medicine really excellent practicing doctor future harness good amount stress feeling friend sometimes ca n t fight instead work alongside willingly reluctantly reframe re approaching stress mindset course stress worked willingly medical student know important wellness small organizational things help ease side stress bit tidying something ten minutes give us bit feeling getting things together s okay things n t together time
27,27,Autistic and dumb,3,thought friends multiple people nearly year online really close eyes eventually tonight mustve drove one edge snapped lost communication one guy thought friend unblocked talking told annoying always annoying never liked never friends kept touch played games thought joking realized n t eventually told stop messaging since still annoying thought guy friend ton shit together really liked n t know stop annoying autistic want able form regular human connections people without despising,d like ask age possible close contact autistic person seem miss social clues easily necessarily sign dumbness way heard might true autism correlates lower empathy ability online relationships already difficult us terms picking social clues s surprising missed maybe seek friends real life social clues self evident train pick n t naturally occur people managed life reasonably normal lives hope best
28,28,How do I ghost my therapist without being rude,12,sessions n t remember anything told called tell needs cancel tomorrow wo n t session another week m need help m realizing im one help get therapy without talk s paid medical,tell s working feel s good fit would start looking another one already d advise ghost professional s right anyway stop whenever want
29,29,What is therapy like?,3,m pretty bad head space right think need therapy m sure s worth n t mind talking sort things therapy helped,ve therapy going three years s best thing ever early therapy process talked mostly coping mechanisms anxiety depression relationships dissociation issues mostly targeting techniques help came ve diagnosed bunch stuff realized lot crap life definitely everyone s experience btw worked repressing lot stuff deal lot trauma processing focusing childhood therapy vary greatly based needs client us ve done pretty much everything ve showed videos songs represent m feeling ve drawn pictures together whole bunch things therapy definitely gets worse gets better type experience would n t trade anything tl dr therapy great would recommend
30,30,I am at a loss with my ex,2,three weeks ago split girlfriend months was is great girl girlfriend beginning lot fun really enjoyed life around third month though feelings began change idea furthering relationship without going graphic detail let s say intimacy us stopped soon resentment began followed bickering point felt needed end issue distraught breaking although pains greatly tried hardest broken contact least time last night text say left something front porch merry christmas get home receive monogrammed money clip limited edition flask socks weed finally started listening n t know feelings n t changed far wanting apart n t know say keep knowing wo n t use things try give back,deleted
31,31,Trust Unconditionally : How to Build Trust?,1,nan,deleted
32,32,Deleted post- I have an answer,1,post stating guy situation something nature guy telling girl loved bit early apparently well m mobile typing fairly lengthy response go submit post deleted mildly aggravating would like give advice post d like honestly nothing embarrassed,deleted
33,33,Damn,4,slept ex girlfriend hours straight sex told past hookups ended know treat fuck run ca n t tell feel dirty ashamed,deleted
34,34,I'm losing sexual desire for my girlfriend is this normal?,3,m m s f basically desire sex d rather sleep instead work nightshift nights wants stay fun really wan na sleep fact really n t wan na anything anymore maybe walk dogs s soon get back place wan na veg couch left alone wants cuddle wants tickle massage sex n t normal end ve dating year halfish,feelings limited girlfriend shutting world every corner besides work sounds strange hear loss sexual desire passion girlfriend might sign relationship ending ways depression show men signs loss motivation fatigue sleep issues much little irritably anxiety substance abuse know might sexually interesting anymore bud
35,35,I'm in a tough situation...,3,gf told coworkers potentially hooked one relationship coming good friend mine really would like tell friend ve heard ve shoes beforehand felt like idiot found everyone knew except gf n t want tell said she said backlash coworkers telling friend would breaking trust told heard confidence m really struggling ideas,say word shared confidence sucks spectator worse would hope someone would simply place due fact n t know sides story etc also risk throwing gf bus
36,36,Hook-ups and heartbreak:The problem with our generation’s concept of relationships,5,nan,say word shared confidence sucks spectator worse would hope someone would simply place due fact n t know sides story etc also risk throwing gf bus
37,37,importance of courtship before marriage | Real Deep Love,0,nan,say word shared confidence sucks spectator worse would hope someone would simply place due fact n t know sides story etc also risk throwing gf bus
38,38,How to deal with depressed ex gf?,4,hi seeing girl year months suffering depression really impacted relationship things n t end well couple weeks ended things found miscarriage time quite mess tried one else time keeps constantly talking feelings saying wants get back together repeatedly say friend really messed last night kicked home days told could stay night mine sat car midnight told would free insisted cancelling hanging friends gym met girl slept ended calling ex telling could sleep bed would sofa longer wanted come thought late drive dont know deal really messed feel like horrible person priorities really messed want date want help depression,needs professional help depression m sorry s responsibility anymore depending broke s going extremely confusing well suggest going nc leave
39,39,On (me) being single and (you) staying in a wrong relationship,10,nan,needs professional help depression m sorry s responsibility anymore depending broke s going extremely confusing well suggest going nc leave
40,40,Introducing the Advice Point and User Flair System,74,officially launched open beta feedback appreciated please comment thoughts see tl dr stickied comment summary hello advice givers we proud announce currently testing new system able earn points providing advice earn flair levels right think average threads receive enough helpful advice incentive helpful many people ask advice every day lot requests go unnoticed ignored also think thread creators n t respond enough want encourage vibrant robust community so introducing advice point system how works whenever op submits thread automoderator provide comment instructions long story short op responds comment word helped way commenter receive advice point advice point score seen user flair little title s next name points get cooler title s list far tldr op please respond comments word helped commenter n t anything different remind op respond specific word find comment helpful point requirement title point helper points unlicensed counselor points expert advice giver points master advice giver points phenomenal advice giver points advice guru points advice oracle points enlightened advice sage points assistant elder sage points elder sage so s point well nothing really found people generally like helpful want give recognition people helped community people deserve commended praised help want monetary benefit higher rank title n t make advice important anyone else s however show history helpfulness helpful tips op award points op use word helped comment automod let know points awarded op award point per person per thread op award point multiple people thread advice helpful op got helped everyone s fantastic we test system minimum one month give users chance chime provide opinions please patient us open beta test you may experience minor bugs issues please feel free let us know anything goes wrong people happy system remove return things normal finally feel free include suggestions thoughts happy advice giving,seems re encouraging responders reply op wants hear hopes getting gold star stuck forehead instead replying valid advice thought purpose group good advice often going exactly opposite op wants hear way block flair appearing ones profile wish personally find extremely offensive assigning people training title unlicensed counselor proof ve completed educational requirements required gain title would ask rethink name one
41,41,Update on some /r/advice rules.,16,increasing amount issues recently relating whether posts real users react would like make everybody aware stance user come sub large variety issues going seem fake potentially many really outrageous genuine decided s certain post made going lean onto side post real allow believe priority lies users needing help spam sub would rather spammer get users genuine post removed continuing efforts deal spammers sub n t want get redditors needing advice caught back seen lot redditors speaking directly op calling fake occasion harassing said user want remind everyone sub rules apply even think post fake action may taken find users ca n t behave properly always use report feature message mods button sidebar contact us playful cow https i imgur com zfclymj gifv,deleted
42,42,My father told me he's going to kill my mother. I don't know what to do. Please help.,657,genuine post s legitimate reach help know could go police circumstances would probably fatal choice m making post describe circumstances can ca n t certain things one would expect alternate ideas approaching etc attempt get advice anywhere even randoms online making move so m going honest father told s going kill mother n t know please help know makes say s bit story sit tight although ll nutshell begin mom dad married think abt years abusive towards continued kids got divorced years ago growing abusive sisters reason main catch phrase angry ask one feel like taking gun shooting back fucking head d like say m strong parts knows m must left mark even though ve kept say example could outside street could upstairs room sneezes way s chance makes flinch gives small moment anxiety butterflies chest guess one could call much d like say ve brave know part n t though right n t matter continue sisters grown mom decided make choice divorce abt years ago ve stated knew danger person brought told gather things one day morning borrowed friends car drove us states away course days us safe admit due sudden argued eventually said ok realized dangerous knowing nobody turn willingly take time keep safe everyone know scared even interact mom regarding situation though anyways turns right within first hours sisters pretended know nothing speaking dad got calls saying hours come back something bad happen mentioning going kill someone days due legitimately calming mom realizing bad choice run away like one would call financially illiterate making bad financial choices made run away took dangerous time continued sadly lives needs way world ways came home lived apartment really hard much would n t care disappeared prevent worst happening snapping killing sisters mother thankfully simply help directly told reason n t snapped killed everyone cause m house n t ditched much sounds nice wholesome let elaborate reality s sadly mentalities want things way want re way angry re arguing submit say m right see violence towards retaliate mind see attacking think m attacked attack back according re attacking get angry talk back hit things angry constantly start arguments mentally degrading snap could definitely go though moral blockade snapping reality last mental grasp someone abide mentalities ve stated s also manipulator ve stated pushes many family mental limits till snap audacity say things around theme wow re acting like really need therapy help re sick head though honestly m digressing mom divorced mental breakdowns years later still n t tell anyone s known still walks around saying wife everyone talks still says left n t leave s angry says ll snap anyone finds ve told someone divorce could go still says things since day divorce s sad it s morphed echo chamber logic backwards world image image moral law know arguments gets mad common sense states everyone world agree anyone come across react like x etc try reason complete denial pushes mentalities ve stated till argument stops telling s right walking away holding anger processing anything ve said time s said things better get ready name pretty soon re gon na live course see subtle implications assume making scenario mind n t let things get though evolved pretty soon re gon na mother father anymore mother keeps m gon na got ta watch watch s messing like pretty soon might eliminate people s person bet s involved m gon na visit got worse worse even turns thinks right side even towards sisters stayed neutral said gon na hurt everyone point take threat ve confronted past though denied denied ve told even though s like family friends concerned people care people willing talk help till s better though denies says things around theme worry name n t worry pretty soon ll worry wo n t help want therapy want help slowly breaking possessions little care s got nothing live point nothing change mind unless surroundings change way wants sad thing n t want acknowledge won t though today openly said pretty soon m going snap m going kill mother s right m gon na take gun shoot fucking head shoot go ahead tell want n t give fuck n t think s gon na happen re gon na shocked years hinting messages gave finally admitted m finally gon na speak sake care for i know run risk finding may die seeing would mean side mother go though case s better speak know tried rather speaking much say stands circumstances apologies seemed emotional made tangent points matter know need get straight point though let continue say anything overreacting well yes yes obviously go police try find someone willing help etc currently work go school elaborate soon makes homebound live neighborhood people like run mouths people see either recognize suspicious activity notify father innocently understanding bad walk around everyone saying speak abt seeing otherwise tell father bad news hit list father also calls phone times day time wake time gets home work pick panics calls pick call people neighborhood spot cause worried eliminates going anywhere outside home given time home well obvious know everywhere go try go anywhere refusal tell go downwards spiral arguing made far know mean makes worse friends nearby friends maybe like blocks away say oh seeing friend know bullshitting elaborate going school having job simply scared get job go college alone thoughts gets worse forgot remember mention saying reason snapped still house get job take schooling eliminates seeing snapping since longer take online course accept acceptable since way things essentially trapped giant free roam cage within neighborhood limited choices alternate ideas based circumstances alternate idea simple imo effective secretly record saying things says nearly daily go police recordings feel safe reverse go police without proof much father find presumably kill worse top always heard horror stories scenarios bad stories people stepping right thing ones punished scared run additionally remember thing said job school yeah finances spend place thus trapping rock dependency go police nothing concrete lock least get away quick fast game mention dependency factor held captive till age yes agree get job things damn kid anymore cares know know though due everything said start till trapped wondering live ny realize elaborating may confusing deeply sorry plus far m aware cases like mine due age law enforcement wo n t care m longer minor makes things worrisome even law wanting help top although m strength d scared ever act self defense s come hurt due overpowering factor m pretty sure go law wo n t care circumstance ll see hurt re criminal jail time conclude circumstances normal things get help one would typically expect alternate ideas stay safe know perfect think alternate idea one true way help close minded posted due anonymity give posting subreddits help hope gets noticed get many brains helping think say gushing heart know happen next either going gain traction people give thoughts like hoping may flop accusation worlds biggest copy pasta really hope t left anything remember moment due nerve racking making though say please help,first agree recording says secret starting asap set sees recorder looks like turned accident i e phone pocket meanwhile take every baby step possible get feel completely paralyzed fear get know re going your e mental prison seeing barriers every turn leave however s better move slowly paralyzed fear taking leap see father mention threats killing mother recording might actually serve comfort knowing abuse documented bite back ass maybe neighbour trust start opening
43,43,My gf and I want to get married. Her whole family has rings like 3c sized. I know it sounds way too big. I can only afford a diamond like 3/4c. But she’s freaking out about the diamond size bc of her family standards. Does this tell you anything? Any advice wanted/appreciated. 1 year in. TIA,27,nan,fucking ring fucks sake love ring huh
44,44,I don't feel comfortable in my own home,370,hey m year old seeking advice m introverted quiet person suffers depression feels lonely times necessarily m actually lonely social anxiety fear losing people love something important got say friends important people love close friends feel like family actual family feel comfortable around open easily birthday recently organized surprise s kind stuff makes feel loved place life stupid thing skipped class college missed final exam already failing n t think worth spending time class anyway decided tell parents focus grades classes would good mean anyway yesterday teacher somehow contacted parents told situation needless say got really mad get bad mistake every right upset s shaking anxiety fact treating mainly dad total deception saying things like used proud getting everything wrong ca n t stop liar n t know truth future going bad ve dealing inside house weekend anxiety building m feeling trapped s worst got sleep little kid staying relatives house first time got anxiety like feeling would n t allow sleep sign n t felt comfortable wanted house usual something n t felt like years feeling suddenly come back n t feel comfortable living sleeping feel like stranger feel lonely feel anxious depressed s feeling emptiness hurts wish people love friends chatting calm place say anything moving getting house n t really option nowhere go depend economically parents would n t really know face world way sorry little tantrum thanks reading whoever,woah telling college instructor contacted parents adult student inform academics report instructor dean instructor violated privacy possibly laws depending live certainly college employment policies advice parent situation let calm couple days sit talk explain said bit could chew course load assume first year college explain things got hand flailing made stupid decision tell ll take reasonable course load future let know ll inform early re difficulties s business seems like want involved everyone fucks ve failed college classes son failed first college class shit happens learn lesson move better
45,45,I suck at talking to people.,105,voice call friend earlier talking got silent one knew say said ever start conversation made realise always one start conversation m never able usually leads lot awkward silences get better speaking,ve always philosophy never force convo speak life life goals n t know close re really close speak life issues best kinds friends share awkward silence one n t feel awkward n t think much s simple really speak anything interests nothing say need speak ok enjoy s company silence
46,46,Is there any actual reason to live for nowadays?,57,hey guys m teens rn s probably phase s like want kill stuff like honestly feel like college stuff life becomes absolutely meaningless people live blinded work bills pay moment brief happiness like friday saturday night hang and or drink friends wake hungover next day remember f ed life spend whole week waiting next friday start cicle honestly n t see way crap feel like passion dead see people even parents empty staring phones passion always complaining work s way times stuff like wo n t get enough cash survive ll need get boring job n t like alongside people n t like last months ve trying figure good reason live s came r advice know s reason keep going everyday,know matter hard try ll never manage read good books book lover never goes bed alone
47,47,Recently homeless and still scared,13,title suggests lost place live tomorrow might lose car nowhere sleep scared long story short forced put resignation job months ago forcing look work temp agencies still applying elsewhere inconsistent work get agencies income currently college experience find difficult get job support financially months losing job daily harassment landlord decided move car find consistent work save place stay chose pay car payment rather rent need pay time refinance year current payments full coverage need bad payments go week living car accidentally killed battery charging phone asleep hour ago get full hours work anxiety keeping awake sleep wal mart parking lot allows hour parking know car towed parked hours family friends help plan asking coworker jump work assuming towed guess loss want cry even describe way feel life already hard job greatest thing happen one specific person like enough power forced either resign fired best stay positive see silver lining hard suicidal scared follow something like found fantasizing want bad stressed one nothing laundry bag full clothes couple things cheap storage unit room sleep car got food stamps card today course helps biggest concern right car temp assignment end aka fired miss work choose possibly losing car current source income gets impounded able get paying payments car use know likely venting point thank reading response would appreciated know people,age considered joining military army navy probably get asap
48,48,Can this relationship work out without one of them being totally miserable?,3,two young people get married one really really really wants children really n t want think relationship doomed start way happy,way work never understand people sweep huge difference people want life rug expect relationship work
49,49,Is showering 2x a day generally bad for you?,3,lol seems like odd question google get whole bunch dermatologist linked blogs instead straight answer wash hair week scrub body dove soap sensitive skin pretty good am pm skincare routine usually moisturize bed used never shower day however back issues wake really stiff back taking warm shower light stretching really helps get rid stiffness work day usually sort exercise gym yoga biking walk jog whatever usually good sweat worked feel comfortable changing clean clothes laying feel gross coworkers talking bad actually shower every day since skin little tight soft supple starting wonder showers bad even though felt good muscles deff odd super paranoid question thanks reading,doctor obviously imagine would bad plus helping back see problem maybe try different soap moisturizer combination could help way skin feels want try find option back maybe heating pad hot patches back
50,50,Updated Rules - please read as we have some new ones,78,posters commenters must account least days old comment karma automatically removed meet requirements submit post title caps blank post title removed automatically please specific headline rather saying need advice make clear post need help advice this warning disregarding rules may result ban posts comments subject rules nothing personal relationship sex dating related even commenting threads grounds ban needadvice subreddit getting advice things going lives outside relationship significant others potential significant others significant others days past relationship parent s relationships friend s relationships dealing person s romantic relationship n t belong code romance related stuff dating advice hookup advice sex related advice including anything involving rape even happened molestation underage sexual activity nothing personal messaging other n t ask tell posters commenters pm dm inbox nothing illegal s illegal united states n t post tattle mods subs here problem mod another sub take problems power sway ban reinstate sorry kind person runs around trying start witch hunt probably fault anyhow revenge submissions get even submissions comments threadjacking comment qualifiers stay focused op s problem disagree someone else s advice offer advice top level comment instead debating agree someone s advice nothing add upvote misogyny misandry racism religious intolerance similar respect one another even disagree re equal matter re male female null nongendered matter come color skin meeting someone different walk life treat person would like treat lying advice n t ask lie n t advise lying references suicides anything related suicidal ideations allowed sake family friend s safety anything mentioning suicide needs go r suicidewatch soliciting funds since allow throwaways n t solicit money please view effort solicit money scam need donations go r assistance r care advertising link another subreddit youtube page personal website clickbait stuff sale arbiters constitutes advertising dae posts re happy offer advice specific situation want someone else shared experience go r dae personal content share picture anyone s face genitals phone number email address postal address personal identifying information sharing posting drama subs anybody cross posting threads drama causing subs subreddit drama srs anything increase drama thread banned wo n t tolerated level polls re asking yes no question re wrong place want people vote re wrong place provide open ended advice kinda safe work know lots controversial personal things get talked s fine try keep titles safe work avoiding foul language graphic descriptions references trp tbp even asking gets banned nothing missing persons n t ask track someone find someone used know moderator discretion remember democracy court remove anything want whenever want use discretion enforce letter spirit rules ban appeals mod banned unban follow rules improve chances successfully appealing ban do delete comments posts especially removed mods deleting submissions looks evasive forces us choose word memory guess s gon na win re banned n t jerk https meta wikimedia org wiki don remember the mods charge ask ask nicely,doctor obviously imagine would bad plus helping back see problem maybe try different soap moisturizer combination could help way skin feels want try find option back maybe heating pad hot patches back
51,51,"my best friend is having issues with his borderline-abusive stepdad, what resources are available to help?",58,firstly re minors az s always issues stepfather ve seen experienced first hand relevant long post anyway ll call stepdad carl carl always on edge whenever see seems like one little thing say leaving something unused motorcycle enough tip fit internal rage top incessantly calling friend failure family point believes ca n t really emphasize enough friend diagnosed adhd refuse treat part adhd sensitivity rejection failure seems failure sensitivity waves depression self harm effectively take entire mind days usually cutting stops sadness point s conflicted dad lives florida ll going summer course wants see dad half argument going fl entirely getting away hostile household want help know one phone call get carl life n t want would detrimental sister mom since carl main source income household resources available help m willing say m always forgetting something ask,definitely emotional abuse far resources go arizona also arizona issue find besides typical therapist far cutting goes definitely seek help went thing still struggle far things check may seem like much definitely helps grand scheme things
52,52,How do I take action in my life when I feel like there is no where to turn?,33,hey came vent never felt way may come fact spoiled college student let go saying y o guy scraped sophomore year college dropping class beginning second semester end order save gpa feel like failure year reminded constantly friends incredibly lives today ton bricks face however woke sleeping alarms still live parents mother made plans lunch began lecture responsibilities year old productive life though job good pay know points mainly stem dropped classes semester prior terrible sleep schedule felt like failure waste skin reminded left right family girlfriend fulfilling dream become nurse proud really know even though trying hard create routine seems still fucking anything right told today make excuse excuse nothing showing pity tried true telling people motives life circumstances know really believe acceptable truly need help figuring feel taking steps backwards every time think taking step forward feel life crumbling ground thank anyone whose taken time read sob story matter advice truly appreciate,sometimes taking steps backward take forward path didnt realize
53,53,Girlfriend’s Mom is a Bit Crazy,223,title states girlfriend mom minimum overreaching clingy untruthful downright invading going girlfriend mom frequently comes apartment spies thinks girlfriend paying attention consists using gate code access gated complex driving space watching see girlfriend imagine like together person completely honest sits parking lot see see car and or happen exit house anything girlfriend claims decent relationship college mother overreaches tries push girlfriend life always aggressively clingy high school mom actually yelled talking daughter threatened girlfriend happily together issues past mother holds onto uses relationship never front girlfriend makes snide remarks treats like high school iron fist control girlfriend wants talk also mom makes victim cry become extremely hostile made bad guy almost zero room communication also making post girlfriend reddit advice tl dr girlfriend mom crazy overbearing tends show spy apartment need advice handle situation situations like,time set boundaries mother wo n t like s going easy needs serious conversation mom conversation detail adult longer needs treated like s high school step mom call text eveyday got home school snooping around appartment immature set ultimatums n t follow rules cut contact entirely caught snooping around apartment ensure mother knows establishing boundaries n t mean n t love means n t child tolerate treated mom likely blame throw tantrum n t back depending setting like discussion apartment tell refuses mature leave would recommend public setting way makes scene multiple witnesses also leave refuses see reason s important girlfriend understand setting boundaries healthy practice s child anymore mother still trying control like s unhealthy lots mom s develope empty nest syndrome kids move could part s behaving way suggest tactfully mother talk therapist refuses cooaperate s time cut contact might cut contact month two could longer s girlfriend n t love mother s mother s behavior negative toxic effect s okay cut people life toxic
54,54,People of Reddit I am gonna visit the usa this summer,13,scholarship attend summer school south carolina columbia never states netherlands europe reaaallly excited anyone attending sc experience ts,bro get blessed win trip us ends south carolina
55,55,What sport do I choose?,5,next year second last year high school junior year wanted sport ve decided two either soccer wrestling one hand played soccer entire childhood grade time conflict made stop loved play push never pursued playing better teams plateaued last years know brag always commended best team scoring quarter goals couple seasons even though non competitive league problem soccer n t played years obviously players skill endurance tried training spring running increased mile time seconds wrestling would something new little reason believe would turned away feel like s something could actually see trying m definitely tempted also feel like wrestling could entice actually work essentially soccer vs wrestling soccer pros something used probably still would love soccer cons completely classed many others likely wrestling pros meeting new people getting better body trying something new wrestling cons ve never done n t know anything sorry really unorganized appreciate comments,personally say soccer seems like cool thing part idk schools school wrestling team negative connotations probably almost wrestlers ringworm would also harass girls said choice end sure heart knows wants best
56,56,Approaching Businesses to Introduce Product,2,hey guys m year looking approach businesses eateries pitch pla straws lil bit background first live malaysia starting june main states banning plastic straws honestly move ve waiting long ve quite environmentally conscious life presented unique opportunity good one since around year ago ve quite involved environmental movements rallies trash cleanups ve always looking business opportunities put one m extremely passionate state deciding ban plastic straws created demand alternatives mean people need something use sip drinks minutes searching google found pla straws s completely new product s around anyways going laws country might prevent bringing product seems none need advice go approaching businesses s best way pitch product thanks advance everyone guess career related s flair m going,good sub talk would r entrepreneur
57,57,Part time jobs for someone with anxiety,12,m sophomore college studying psychology need get part time job gas spending money textbooks repaying student loans worked ihop pancake house non americans worked subway sandwich shop work n t hard would get pretty decent anxiety attacks whenever would think job hours leading shifts want job maintain m done undergrad degree n t know would work best turn reddit advice note ve family friends tell something involves hobbies major n t feel like work town n t many reliable options also ve heard get job scares overcome anxiety idk advice greatly appreciated,looked telemarketing jobs usually hire quite frequently also dad used work farm loved since got work animals day know city work summer local strawberry field pick berries day
58,58,I want to quit facebook,1,d love get away social media might start facebook anyone dont good way,deleted facebook deactivated deleted app phone still use instagram snapchat working using instagram less found time day without using facebook
59,59,Can I put a dresser in the bathroom?,2,moved boyfriends studio apartment limited space bathroom enough space dresser im worried moisture shower stink clothes somehow ruin put dresser restroom find room somewhere else,would suggest find place somewhere else fabric clothes attract moisture stink mold
60,60,"This sub is NOT a place to get psychological help. This sub is for people to discuss issues in their personal psychotherapy or to ask questions about psychotherapy. Posts asking for advice on, or help with, non-therapeutic issues will be removed.",24,personal issue would like discuss others reddit try subs r seriousconversation r mentalhealth r therapy r relationshipadvice r advice r needadvice,could please cure depression not too long pithy reply
61,61,Weekly Therapy Talk Thread,6,chat thread people sub talk therapy topics feel deserving post n t include question place share thoughts s going therapy make inclusive place keep focus chat functionality thread automatically sort latest best top please n t use down voting top comments unless re obvious anti therapy comments everybody feel free share thoughts,realizing lately vulnerable therapists actually session well level client s vulnerability still quite vulnerable like takes guts stuff vulnerable
62,62,So I did have a session with two therapists. Therapy update.,28,therapist texted would introduce dan new therapist turns also going sit session dan sat sofa side took notes old talked past sessions recaped worked needs worked dan reacted occassionally especially crazy things family past psychiatrist done examples would mom tying chair phone charger cables found self harm psychiatrist telling cutting attention family telling think happy thoughts cure depression even moment old signal time told dan old psychiatrist said could talk depressed people could n t get depressed already like woooah wtf dan seemed like really nice guy told used self harm year college stopped likes working clients sh goatee tattoo cross left inner arm seems chill casual old t fun watch old dan interact like good friends even receptionist taking masters psychotherapy asked thought dan old said dan excited work dan heard case year ago re group practice m excited work s easy talk genuine especially reactions m used therapists controlled emotions s m officially seeing dan new therapist next thursday scary exciting,glad hear things going well co counselor situation new one seems like good fit
63,63,Fucked up from my therapist’s countertransference - can anyone relate?,16,seeing therapist last years got sober sober really well helped massively last months receptive work way things stopped working hitting wall truly believes way way believed awhile kept going voiced fact modality therapeutic relationship working basically doubled way way felt like saying something wrong working took may intention also anti medication bipolar see psychiatrist regularly well regulated encouraging stop taking medication psychiatrist way told deal breaker started initial rift months ago needed real hard ass first got sober let get away bs got really good consistent place still treating way harsh stern called basically see problem see person may need something different person years ago also telling would mistake stop working therapists suck edited say seeing patients years consistently said needed work together years work everything made amends last session pretty fucked talking said harming things making amends things do cutting details since fucking long really harsh argumentative trying apologize paying late past shitty attitude towards apology think owed mad leave earlier questioning much treatment actually valid psychiatrist said person clearly formed unhealthy attachment fucking mad paid person long wish left earlier felt like needed broken gaslighting keep stringing along thing gave massively discounted rate made less patient feel like money experienced countertransference unhealthy relationship therapist get experience fucking pissed feel fucked,describing lots projections transference feelings m sure referring counter transference
64,64,I wrote my T this letter but I’m too embarrassed to show it to her. Should I? Or should I listen to my gut and just destroy my whole phone at this point?,21,sorry mean past two weeks really hate counselling well yes complicated think angry extension know thought think beneficial think beneficial lot better february started seeing february know always say correlation equal causation come coming got better keep coming back probably thought think helping since always talk much hate fair point everything going great making progress getting better went home know said know want get lie want tell started coming read internet therapy supposed healthy model behaviour said counsellors aware things off putting others help change better relationships figured liked everyone would said liked believed went home nothing changed parents still love confusing things said helped friendships got better life got better even felt little bit better little bit though get excited first time went home told keep things way talk parents aunts uncles treating kids got better mean still kind mess reportable anymore think thought working trusted kind enough get excited either went home still got treated always things said got head first hurt feelings usual treated way always sudden someone treating nicer used anymore first thing felt like lie nice healthy model real world still shitty always even more sensitive think even possible feel like getting better still trusted thought maybe stand way stood siblings cousins things get better go way wanted gon na text ask help checked phone saw almost week since texted scheduling another appointment responded think would respond little crisis either figured ignoring purpose first time taken respond know plus emails getting sent progressively later guessing lot going lately fine lot going lately hope ok really care take respond reminded rely even know know responding never know long take respond next appointment long saw respond hit way knowing ever see maybe got burnt someone died something else happened decided stop counsellor needed stop using crutch solve problems maybe already figured yet supposed keep coming back even know gon na tell long need rely felt like idiot ever wanting even supposed teach independent thought better functioning except got opposite figured wrong trusted instead tried things way tried everything said thought would make things better got even hurt one suddenly felt like lost something made feel even worse ever tried felt like never anyone wished never come first place later responded text said accident know tell changed mind booking another appointment never wanted come back came back trust anymore figure next appointment feel thought even booked appointments counsellors feel either even feel like christina second favourite counsellor felt like dr fisher realized problem acting like dr fisher trust at all like never say mean things even though always think really sorry behaving way anything treated like everything right handle feelings guess took realized already said care hurting feelings worry know care feelings fair mean hate things fair wanted say sorry sake sorry ps going home weekend sorry advance pps also sorry leaving wallet office last session never felt walk shame palpably walking back office immediately leaving get think sorry one actually still thanks making wait whole week,think gut telling destroy s vulnerable real s hard grew fucked up family bear embarrassment share words therapist might help guys connect little securely incremental progress always something proud
65,65,Therapist’s political/social views differing from your own,7,found therapist pretty different views gender sure reference cis bisexual woman involved lgbt activism university something important become friends trans people care great amount respect brought one friends happens trans woman lgbt group involved therapy last session therapist take well seemed somewhat feminist y prior mentioned friend told believe people trans non binary believes inherent difference men women gender wise sex wise views completely opposite problem really know proceed therapist incredibly important knowing changes views lot expect want able change mind feel kind crushed really looking argument right terms views guess wondering someone situation like therapist incredibly helpful find views differ drastically especially way feel could impact relationship,ask directly opinion offer
66,66,Why would i crave to know that my therapist is thinking of me outside session?,9,would find hard believe even though s made clear,think therapist lot person care cares place lot trust want think thinks lot similar level importance even though know wont cant maybe s
67,67,Feeling like it’s time for me to bring up transference after our convo yesterday. Terrified of what will happen to the relationship.,6,hi massive thinker looking help expect open therapist romantic sexual feelings experienced therapy therapy years strong rapport feel like seem drawn therapist always kept professional touching trying interact outside office say anything inappropriate etc get vibe attracted way even necessarily physically noticeable even separate feelings scares worry tell therapist strong feelings towards long time think knows anyways feelings may triggered may feel need end relationship currently country year teletherapy would difficult find another therapist right start blank slate tried avoid transference long time want risk losing therapy helps much scared saying anything may hurt sometimes think maybe need new therapist altogether work infinitely helpful therapist much capable last years hate thought switching anyways yesterday talking therapist obsessive fear right versus wrong thing enjoy life always analyzing ok make decision saying really know something right wrong mentioned last year told marrying guy known less year moving country response jesus christ definitely made feel wrong thing replied apologizing saying said grandiose say something like said reaction thought wrong thing let personal issues surface really sorry said really values relationship figured going end would miss reacted way clarifying continued address issue moral obsessing conversation yesterday left really mixed feelings one hand nice therapist supports truly cares despite seen act absolute worst terrifying hearing cares cares much ends relationship either emotions could hurt therapy tell feelings self discloses much way felt hurts therapeutic process feel sick feel like talk feelings open help calm therapy concerns scared consequences acknowledging feelings try hard honest self therapy let feelings get way goal let feelings hold back telling shitty stuff worry thoughts regularly dominating life much affect progress reason feel like need talk transference many fearful holding back advice navigating feelings discussion therapist greatly appreciated,go many different ways ultimately going take risk similar situation came point much say next thing attraction think know still work therapy things maybe hold becomes consuming bring good luck
68,68,Someone identified me based on this subreddit,35,absolutely wild basically came non hipaa violating way one therapist clients realized based posts share therapist group situation realized specifically feel guilty even posting obviously going read hi want talk weird okay think like guidelines navigate situation lmao want delete also freaking want feel like longer right space lot feelings one hand outrageously funny situation even happening neat common someone like really intimate also know knows interesting situation course panicking know came individual therapy know therapist knows told also big angry feelings towards therapist like protecting knew person talking obviously say anything fair would know illegal want break confidentiality could mean would break etc etc etc also fuck extent feel violated much easier pissed therapist client really situation reversed done anything differently,omg wow anyone recognizes irl please tell censor appropriately thanks
69,69,LGBT-focused therapy,7,hi m freelance journalist looking speak people ve received therapy lgbt focused trained therapists conversion therapy kind https pinktherapy com https pinktherapy com anon dm chat email d love hear different people s experiences good bad cheers clea skopeliti,friendly reminder note caution sub journalists necessarily friendly acting good faith never know quote go context taken far quote spread consequences re recovery would advise speaking press risking stress could bring offense op nothing specifically speaking someone works press
70,70,Psychological Research/Surveys Thread (May),10,welcome r psychology https www reddit com r psychology research thread need participants looking constructive criticism addition weekly discussion thread mods instituted thread surveys general submission rules suspended thread all top level comments must link survey follow formatting rules outlined removal content still discretion moderators reddiquette https www reddit com wiki reddiquette applies personal attacks racism sexism etc removed repeated violations may result ban thread occasionally refreshed addition posting post surveys r samplesize https www reddit com r samplesize join discussion r surveyresearch https www reddit com r surveyresearch top level comments top level comments thread formatted like following example similar r samplesize https www reddit com r samplesize tag description demographic link ex academic gpa reddit use us college students link https www reddit com r psychology comments information a description survey request critiques etc should placed next paragraph top level comment results results posted direct reply corresponding top level comment formatting original survey results description demographic link ex results gpa reddit use us college students link https www reddit com r psychology comments tags include academic industrial causal results etc demographics include location education age etc,academic group membership mental health english speakers link https universityofsussex eu qualtrics com jfe form fbclid hi everyone m dissertation moment link mental health group membership would grateful could complete questionnaire take less minutes end option enter prize draw chances cash prize m really interested linking mental health group membership trying use results help better ways help people struggling mental health responses anonymous linked please feel free message questions
71,71,Weekly Discussion Thread (May 12-18),2,welcome r psychology https www reddit com r psychology discussion thread self posts still turned mods re instituted discussion threads discussion threads refreshed week i e new discussion thread posted week feel free ask community questions comment state subreddit post content would otherwise disallowed need help homework question study read heard psychology joke need participants survey want discuss get critique research check research thread https www reddit com r psychology comments submission rules suspended thread removal content still discretion moderators reddiquette https www reddit com wiki reddiquette applies personal attacks racism sexism etc removed repeated violations may result ban recent discussions april may https www reddit com r psychology comments april https www reddit com r psychology comments bfxmzc april https www reddit com r psychology comments bbmtak march https www reddit com r psychology comments march https www reddit com r psychology comments,academic research dissertation forensic psychology female aged participants hey guys final push need female participants y o take part online study study exploring attitudes behaviours females following exposure soft core pornography worry though everything shown legal obtained r rated commercial us films link https nottingham onlinesurveys ac uk the influence of aggressive and non aggressive soft core p https nottingham onlinesurveys ac uk the influence of aggressive and non aggressive soft core p
72,72,"People in higher social class have an exaggerated belief that they are better than others, and this overconfidence can be misinterpreted by others as greater competence, perpetuating social hierarchies, suggests a new study (n=152,661).",1446,nan,feel like sickeningly predictable million names different aspects overlapping concepts intuitively understood days supported plenty research motivated reasoning cognitive dissonance dunning kruger effect self justification could go people prefer proud self congratulatory narrating remembering self puts together permeates everything religious superiority one chosen ariana grande s latest single modern politics demonstrate apparently people respect least vote follow social media arrogant least thoughtful among us whatever we think superior extreme anyone disagrees ignorant extreme despite seeing around us sure generally wise worthy bothers extensively promote ensure continued entrenchment tendencies american politicians educational institutions spearheads thought society teach us memorize facts indoctrinate opinions produce conformity n t produce people skilled objectivity critical thought everybody learns critical thinking problem solving without every learning apply self examination side scale see depression self loathing self deprecation masquerading self examination point arrogance preferred trait mental health ignored live sick world overflowing distorted views allegiances instead addressing problem agenda steer distortions favor applies people higher social class people lower social classes form people middle one thing common knowing at least see unlike everybody else mental health education emphasizes broader application thinking skills personal skills instead telling know think major societal issues instead support narcissists sides aisle fight symptoms instead disease bright side s best world ve ever according metrics p s sorry wall text started typing failed stop nice day
73,73,Attitudes and Preferences Toward Internet-Delivered Psychotherapy,3,nan,feel like sickeningly predictable million names different aspects overlapping concepts intuitively understood days supported plenty research motivated reasoning cognitive dissonance dunning kruger effect self justification could go people prefer proud self congratulatory narrating remembering self puts together permeates everything religious superiority one chosen ariana grande s latest single modern politics demonstrate apparently people respect least vote follow social media arrogant least thoughtful among us whatever we think superior extreme anyone disagrees ignorant extreme despite seeing around us sure generally wise worthy bothers extensively promote ensure continued entrenchment tendencies american politicians educational institutions spearheads thought society teach us memorize facts indoctrinate opinions produce conformity n t produce people skilled objectivity critical thought everybody learns critical thinking problem solving without every learning apply self examination side scale see depression self loathing self deprecation masquerading self examination point arrogance preferred trait mental health ignored live sick world overflowing distorted views allegiances instead addressing problem agenda steer distortions favor applies people higher social class people lower social classes form people middle one thing common knowing at least see unlike everybody else mental health education emphasizes broader application thinking skills personal skills instead telling know think major societal issues instead support narcissists sides aisle fight symptoms instead disease bright side s best world ve ever according metrics p s sorry wall text started typing failed stop nice day
74,74,"People Have A Hard-To-Explain Bias Against Experimental Testing of Policies And Interventions, Preferring Just To See Them Implemented",3,nan,feel like sickeningly predictable million names different aspects overlapping concepts intuitively understood days supported plenty research motivated reasoning cognitive dissonance dunning kruger effect self justification could go people prefer proud self congratulatory narrating remembering self puts together permeates everything religious superiority one chosen ariana grande s latest single modern politics demonstrate apparently people respect least vote follow social media arrogant least thoughtful among us whatever we think superior extreme anyone disagrees ignorant extreme despite seeing around us sure generally wise worthy bothers extensively promote ensure continued entrenchment tendencies american politicians educational institutions spearheads thought society teach us memorize facts indoctrinate opinions produce conformity n t produce people skilled objectivity critical thought everybody learns critical thinking problem solving without every learning apply self examination side scale see depression self loathing self deprecation masquerading self examination point arrogance preferred trait mental health ignored live sick world overflowing distorted views allegiances instead addressing problem agenda steer distortions favor applies people higher social class people lower social classes form people middle one thing common knowing at least see unlike everybody else mental health education emphasizes broader application thinking skills personal skills instead telling know think major societal issues instead support narcissists sides aisle fight symptoms instead disease bright side s best world ve ever according metrics p s sorry wall text started typing failed stop nice day
75,75,"On ""World Meditation Day 2019"" it's so awesome to see research like this showing how we can use mobile phones to improve health. ""Mindfulness training reduces loneliness and increases social contact in a randomized controlled trial""",9,nan,feel like sickeningly predictable million names different aspects overlapping concepts intuitively understood days supported plenty research motivated reasoning cognitive dissonance dunning kruger effect self justification could go people prefer proud self congratulatory narrating remembering self puts together permeates everything religious superiority one chosen ariana grande s latest single modern politics demonstrate apparently people respect least vote follow social media arrogant least thoughtful among us whatever we think superior extreme anyone disagrees ignorant extreme despite seeing around us sure generally wise worthy bothers extensively promote ensure continued entrenchment tendencies american politicians educational institutions spearheads thought society teach us memorize facts indoctrinate opinions produce conformity n t produce people skilled objectivity critical thought everybody learns critical thinking problem solving without every learning apply self examination side scale see depression self loathing self deprecation masquerading self examination point arrogance preferred trait mental health ignored live sick world overflowing distorted views allegiances instead addressing problem agenda steer distortions favor applies people higher social class people lower social classes form people middle one thing common knowing at least see unlike everybody else mental health education emphasizes broader application thinking skills personal skills instead telling know think major societal issues instead support narcissists sides aisle fight symptoms instead disease bright side s best world ve ever according metrics p s sorry wall text started typing failed stop nice day
76,76,"Exposure to Sexual Economics Theory Promotes a Hostile View of Heterosexual Relationships - Janell C. Fetterolf, Laurie A. Rudman, 2017",6,nan,removed
77,77,Exposure to male sexual scents (androstenone) influences women’s drinking,6,nan,removed
78,78,The Psychology behind Learning Empathy,1,nan,removed
79,79,Taking Tiny Breaks Is Key To Learning New Skills,115,nan,long often taken breaks key great successes romanina adaptaion roman saying
